year,district,districtID,stream,subdistrict,fage,oage,prop
2005,NaknekKvichak,324,,ARSHA,0,3,0.001112332
2005,NaknekKvichak,324,,ARSHA,1,2,0.093652019
2005,NaknekKvichak,324,,ARSHA,0,4,0.001095097
2005,NaknekKvichak,324,,ARSHA,1,3,0.723251983
2005,NaknekKvichak,324,,ARSHA,2,2,0.081381895
2005,NaknekKvichak,324,,ARSHA,2,3,0.099506674
2006,NaknekKvichak,324,,ARSHA,1,2,0.424836601
2006,NaknekKvichak,324,,ARSHA,1,3,0.346405229
2006,NaknekKvichak,324,,ARSHA,1,4,0.013071895
2006,NaknekKvichak,324,,ARSHA,2,2,0.091503268
2006,NaknekKvichak,324,,ARSHA,2,3,0.124183007
1972,Nushagak,325,100,Igushik Set,0,3,0.0052
1972,Nushagak,325,100,Igushik Set,1,2,0.4089
1972,Nushagak,325,100,Igushik Set,1,3,0.4418
1972,Nushagak,325,100,Igushik Set,2,2,0.0837
1972,Nushagak,325,100,Igushik Set,1,4,0.0038
1972,Nushagak,325,100,Igushik Set,2,3,0.0566
1973,Nushagak,325,100,Igushik Set,0,3,0.0051
1973,Nushagak,325,100,Igushik Set,1,2,0.0104
1973,Nushagak,325,100,Igushik Set,0,4,0.0018
1973,Nushagak,325,100,Igushik Set,1,3,0.829
1973,Nushagak,325,100,Igushik Set,1,4,0.0034
1973,Nushagak,325,100,Igushik Set,2,3,0.1468
1973,Nushagak,325,100,Igushik Set,3,3,0.0035
1974,Nushagak,325,100,Igushik Set,1,2,0.0648
1974,Nushagak,325,100,Igushik Set,1,3,0.0926
1974,Nushagak,325,100,Igushik Set,2,2,0.8333
1974,Nushagak,325,100,Igushik Set,2,3,0.0093
1975,Nushagak,325,100,Igushik Set,0,2,0.0012
1975,Nushagak,325,100,Igushik Set,0,3,0.0072
1975,Nushagak,325,100,Igushik Set,1,2,0.0911
1975,Nushagak,325,100,Igushik Set,1,3,0.3178
1975,Nushagak,325,100,Igushik Set,2,2,0.3261
1975,Nushagak,325,100,Igushik Set,1,4,0.0012
1975,Nushagak,325,100,Igushik Set,2,3,0.2554
1976,Nushagak,325,100,Igushik Set,0,3,0.001
1976,Nushagak,325,100,Igushik Set,1,2,0.2573
1976,Nushagak,325,100,Igushik Set,1,3,0.5256
1976,Nushagak,325,100,Igushik Set,2,2,0.1075
1976,Nushagak,325,100,Igushik Set,2,3,0.1086
1977,Nushagak,325,100,Igushik Set,0,2,0.0008
1977,Nushagak,325,100,Igushik Set,0,3,0.0208
1977,Nushagak,325,100,Igushik Set,1,2,0.0587
1977,Nushagak,325,100,Igushik Set,0,4,0.001
1977,Nushagak,325,100,Igushik Set,1,3,0.718
1977,Nushagak,325,100,Igushik Set,2,2,0.0237
1977,Nushagak,325,100,Igushik Set,1,4,0.0032
1977,Nushagak,325,100,Igushik Set,2,3,0.1736
1977,Nushagak,325,100,Igushik Set,2,4,0.0002
1978,Nushagak,325,100,Igushik Set,0,2,0.001155665
1978,Nushagak,325,100,Igushik Set,0,3,0.002311331
1978,Nushagak,325,100,Igushik Set,1,2,0.460205691
1978,Nushagak,325,100,Igushik Set,0,4,0.001155665
1978,Nushagak,325,100,Igushik Set,1,3,0.476349172
1978,Nushagak,325,100,Igushik Set,2,2,0.029984591
1978,Nushagak,325,100,Igushik Set,1,4,0.004613703
1978,Nushagak,325,100,Igushik Set,2,3,0.024224181
1979,Nushagak,325,100,Igushik Set,1,2,0.414059457
1979,Nushagak,325,100,Igushik Set,1,3,0.36528517
1979,Nushagak,325,100,Igushik Set,2,2,0.210237353
1979,Nushagak,325,100,Igushik Set,2,3,0.010418019
1980,Nushagak,325,100,Igushik Set,1,1,0.005
1980,Nushagak,325,100,Igushik Set,1,2,0.2701
1980,Nushagak,325,100,Igushik Set,2,1,0.0017
1980,Nushagak,325,100,Igushik Set,1,3,0.5067
1980,Nushagak,325,100,Igushik Set,2,2,0.1678
1980,Nushagak,325,100,Igushik Set,2,3,0.0487
1981,Nushagak,325,100,Igushik Set,1,2,0.152
1981,Nushagak,325,100,Igushik Set,1,3,0.5834
1981,Nushagak,325,100,Igushik Set,2,2,0.1231
1981,Nushagak,325,100,Igushik Set,2,3,0.1414
1982,Nushagak,325,100,Igushik Set,1,2,0.074
1982,Nushagak,325,100,Igushik Set,1,3,0.7352
1982,Nushagak,325,100,Igushik Set,2,2,0.0115
1982,Nushagak,325,100,Igushik Set,1,4,0.0148
1982,Nushagak,325,100,Igushik Set,2,3,0.1645
1983,Nushagak,325,100,Igushik Set,0,3,0.0011
1983,Nushagak,325,100,Igushik Set,1,2,0.4984
1983,Nushagak,325,100,Igushik Set,1,3,0.3599
1983,Nushagak,325,100,Igushik Set,2,2,0.1196
1983,Nushagak,325,100,Igushik Set,1,4,0.0063
1983,Nushagak,325,100,Igushik Set,2,3,0.0136
1983,Nushagak,325,100,Igushik Set,2,4,0.0011
1984,Nushagak,325,100,Igushik Set,1,2,0.134
1984,Nushagak,325,100,Igushik Set,1,3,0.792
1984,Nushagak,325,100,Igushik Set,1,4,0.002
1984,Nushagak,325,100,Igushik Set,2,3,0.072
1985,Nushagak,325,100,Igushik Set,1,2,0.4452
1985,Nushagak,325,100,Igushik Set,1,3,0.444
1985,Nushagak,325,100,Igushik Set,2,2,0.0967
1985,Nushagak,325,100,Igushik Set,2,3,0.0142
1986,Nushagak,325,100,Igushik Set,0,2,0.0073
1986,Nushagak,325,100,Igushik Set,0,3,0.0415
1986,Nushagak,325,100,Igushik Set,1,2,0.0878
1986,Nushagak,325,100,Igushik Set,1,3,0.7439
1986,Nushagak,325,100,Igushik Set,2,2,0.0366
1986,Nushagak,325,100,Igushik Set,2,3,0.0829
1987,Nushagak,325,100,Igushik Set,1,2,0.2033
1987,Nushagak,325,100,Igushik Set,1,3,0.7137
1987,Nushagak,325,100,Igushik Set,2,2,0.0195
1987,Nushagak,325,100,Igushik Set,1,4,0.001
1987,Nushagak,325,100,Igushik Set,2,3,0.0625
1988,Nushagak,325,100,Igushik Set,0,3,0.0043
1988,Nushagak,325,100,Igushik Set,1,2,0.155
1988,Nushagak,325,100,Igushik Set,0,4,0.0005
1988,Nushagak,325,100,Igushik Set,1,3,0.7908
1988,Nushagak,325,100,Igushik Set,2,2,0.006
1988,Nushagak,325,100,Igushik Set,1,4,0.0075
1988,Nushagak,325,100,Igushik Set,2,3,0.0359
1989,Nushagak,325,100,Igushik Set,0,2,0.011
1989,Nushagak,325,100,Igushik Set,0,3,0.0218
1989,Nushagak,325,100,Igushik Set,1,2,0.4094
1989,Nushagak,325,100,Igushik Set,1,3,0.3667
1989,Nushagak,325,100,Igushik Set,2,2,0.1103
1989,Nushagak,325,100,Igushik Set,1,4,0.0029
1989,Nushagak,325,100,Igushik Set,2,3,0.0779
1990,Nushagak,325,100,Igushik Set,0,2,0.0051
1990,Nushagak,325,100,Igushik Set,0,3,0.0141
1990,Nushagak,325,100,Igushik Set,1,2,0.169
1990,Nushagak,325,100,Igushik Set,1,3,0.6902
1990,Nushagak,325,100,Igushik Set,2,2,0.1007
1990,Nushagak,325,100,Igushik Set,2,3,0.0209
1991,Nushagak,325,100,Igushik Set,0,3,0.0179
1991,Nushagak,325,100,Igushik Set,1,2,0.0324
1991,Nushagak,325,100,Igushik Set,0,4,0.0033
1991,Nushagak,325,100,Igushik Set,1,3,0.8935
1991,Nushagak,325,100,Igushik Set,2,2,0.0082
1991,Nushagak,325,100,Igushik Set,1,4,0.0026
1991,Nushagak,325,100,Igushik Set,2,3,0.0395
1991,Nushagak,325,100,Igushik Set,2,4,0.0026
1992,Nushagak,325,100,Igushik Set,1,4,0.11
1992,Nushagak,325,100,Igushik Set,0,3,0.01
1992,Nushagak,325,100,Igushik Set,1,2,0.3511
1992,Nushagak,325,100,Igushik Set,1,3,0.585
1992,Nushagak,325,100,Igushik Set,2,2,0.0092
1992,Nushagak,325,100,Igushik Set,1,4,0.0214
1992,Nushagak,325,100,Igushik Set,2,3,0.0222
1992,Nushagak,325,100,Igushik Set,2,4,0.0011
1993,Nushagak,325,100,Igushik Set,0,2,0.0019
1993,Nushagak,325,100,Igushik Set,0,3,0.0226
1993,Nushagak,325,100,Igushik Set,1,2,0.2425
1993,Nushagak,325,100,Igushik Set,0,4,0.0038
1993,Nushagak,325,100,Igushik Set,1,3,0.6447
1993,Nushagak,325,100,Igushik Set,2,2,0.0376
1993,Nushagak,325,100,Igushik Set,1,4,0.0056
1993,Nushagak,325,100,Igushik Set,2,3,0.0414
1994,Nushagak,325,100,Igushik Set,0,3,0.0114
1994,Nushagak,325,100,Igushik Set,1,2,0.0966
1994,Nushagak,325,100,Igushik Set,1,3,0.7954
1994,Nushagak,325,100,Igushik Set,2,2,0.0436
1994,Nushagak,325,100,Igushik Set,1,4,0.0057
1994,Nushagak,325,100,Igushik Set,2,3,0.0474
1995,Nushagak,325,100,Igushik Set,0,3,0.0018
1995,Nushagak,325,100,Igushik Set,1,2,0.081
1995,Nushagak,325,100,Igushik Set,1,3,0.8195
1995,Nushagak,325,100,Igushik Set,2,2,0.0663
1995,Nushagak,325,100,Igushik Set,1,4,0.0037
1995,Nushagak,325,100,Igushik Set,2,3,0.0276
1996,Nushagak,325,100,Igushik Set,0,3,0.0113
1996,Nushagak,325,100,Igushik Set,1,2,0.0282
1996,Nushagak,325,100,Igushik Set,1,3,0.791
1996,Nushagak,325,100,Igushik Set,2,2,0.0057
1996,Nushagak,325,100,Igushik Set,1,4,0.0038
1996,Nushagak,325,100,Igushik Set,2,3,0.1601
1998,Nushagak,325,100,Igushik Set,1,2,0.3675
1998,Nushagak,325,100,Igushik Set,1,3,0.5787
1998,Nushagak,325,100,Igushik Set,2,2,0.026
1998,Nushagak,325,100,Igushik Set,1,4,0.0013
1998,Nushagak,325,100,Igushik Set,2,3,0.0265
1999,Nushagak,325,100,Igushik Set,1,2,0.4785
1999,Nushagak,325,100,Igushik Set,1,3,0.4821
1999,Nushagak,325,100,Igushik Set,2,2,0.0345
1999,Nushagak,325,100,Igushik Set,2,3,0.0049
2000,Nushagak,325,100,Igushik Set,1,2,0.0659
2000,Nushagak,325,100,Igushik Set,1,3,0.8527
2000,Nushagak,325,100,Igushik Set,2,2,0.0194
2000,Nushagak,325,100,Igushik Set,1,4,0.0039
2000,Nushagak,325,100,Igushik Set,2,3,0.0581
2001,Nushagak,325,100,Igushik Set,0,3,0.006
2001,Nushagak,325,100,Igushik Set,1,2,0.006
2001,Nushagak,325,100,Igushik Set,1,3,0.9562
2001,Nushagak,325,100,Igushik Set,2,2,0.002
2001,Nushagak,325,100,Igushik Set,1,4,0.0139
2001,Nushagak,325,100,Igushik Set,2,3,0.0159
2002,Nushagak,325,100,Igushik Set,1,2,0.5161
2002,Nushagak,325,100,Igushik Set,1,3,0.3452
2002,Nushagak,325,100,Igushik Set,2,2,0.0903
2002,Nushagak,325,100,Igushik Set,1,4,0.0162
2002,Nushagak,325,100,Igushik Set,2,3,0.0323
2003,Nushagak,325,100,Igushik Set,1,2,0.0749
2003,Nushagak,325,100,Igushik Set,2,1,0.0005
2003,Nushagak,325,100,Igushik Set,1,3,0.7763
2003,Nushagak,325,100,Igushik Set,2,2,0.0109
2003,Nushagak,325,100,Igushik Set,1,4,0.0056
2003,Nushagak,325,100,Igushik Set,2,3,0.1318
2004,Nushagak,325,100,Igushik Set,1,2,0.153733529
2004,Nushagak,325,100,Igushik Set,1,3,0.726207906
2004,Nushagak,325,100,Igushik Set,2,2,0.096632504
2004,Nushagak,325,100,Igushik Set,1,4,0.004392387
2004,Nushagak,325,100,Igushik Set,2,3,0.019033675
2005,Nushagak,325,100,Igushik Set,1,2,0.065335753
2005,Nushagak,325,100,Igushik Set,1,3,0.744101633
2005,Nushagak,325,100,Igushik Set,2,2,0.016333938
2005,Nushagak,325,100,Igushik Set,2,3,0.174228675
2006,Nushagak,325,100,Igushik Set,1,2,0.236238532
2006,Nushagak,325,100,Igushik Set,1,3,0.637614679
2006,Nushagak,325,100,Igushik Set,1,4,0.016055046
2006,Nushagak,325,100,Igushik Set,2,2,0.018348624
2006,Nushagak,325,100,Igushik Set,2,3,0.091743119
2010,Nushagak,325,100,Igushik Set,1,2,0.152
2010,Nushagak,325,100,Igushik Set,1,3,0.808
2010,Nushagak,325,100,Igushik Set,2,2,0.028
2010,Nushagak,325,100,Igushik Set,1,4,0.002
2010,Nushagak,325,100,Igushik Set,2,3,0.01
2011,Nushagak,325,100,Igushik Set,1,2,0.120359389
2011,Nushagak,325,100,Igushik Set,1,3,0.78490807
2011,Nushagak,325,100,Igushik Set,2,2,0.019217595
2011,Nushagak,325,100,Igushik Set,1,4,0.003416236
2011,Nushagak,325,100,Igushik Set,2,3,0.070959965
2011,Nushagak,325,100,Igushik Set,3,2,0.001138745
2006,NaknekKvichak,324,,Kvi Set,1,2,0.372340426
2006,NaknekKvichak,324,,Kvi Set,1,3,0.335106383
2006,NaknekKvichak,324,,Kvi Set,1,4,0.005319149
2006,NaknekKvichak,324,,Kvi Set,2,2,0.20212766
2006,NaknekKvichak,324,,Kvi Set,2,3,0.085106383
2008,NaknekKvichak,324,,Kvi Set,1,2,0.534722222
2008,NaknekKvichak,324,,Kvi Set,1,3,0.453125
2008,NaknekKvichak,324,,Kvi Set,2,2,0.008680556
2008,NaknekKvichak,324,,Kvi Set,1,4,0.001736111
2008,NaknekKvichak,324,,Kvi Set,2,3,0.001736111
2009,NaknekKvichak,324,,Kvi Set,1,2,0.187165775
2009,NaknekKvichak,324,,Kvi Set,1,3,0.422459893
2009,NaknekKvichak,324,,Kvi Set,2,2,0.382352941
2009,NaknekKvichak,324,,Kvi Set,2,3,0.00802139
2010,NaknekKvichak,324,,Kvi Set,1,2,0.279448622
2010,NaknekKvichak,324,,Kvi Set,1,3,0.295739348
2010,NaknekKvichak,324,,Kvi Set,2,2,0.352130326
2010,NaknekKvichak,324,,Kvi Set,2,3,0.072681704
2011,NaknekKvichak,324,,Kvi Set,1,2,0.184573003
2011,NaknekKvichak,324,,Kvi Set,1,3,0.432506887
2011,NaknekKvichak,324,,Kvi Set,2,2,0.101928375
2011,NaknekKvichak,324,,Kvi Set,1,4,0.002754821
2011,NaknekKvichak,324,,Kvi Set,2,3,0.278236915
1999,NaknekKvichak,324,,NRSHA,1,2,0.3708
1999,NaknekKvichak,324,,NRSHA,1,3,0.1348
1999,NaknekKvichak,324,,NRSHA,2,2,0.2135
1999,NaknekKvichak,324,,NRSHA,1,4,0.0075
1999,NaknekKvichak,324,,NRSHA,2,3,0.2734
2000,NaknekKvichak,324,,NRSHA,1,2,0.0798
2000,NaknekKvichak,324,,NRSHA,0,4,0.0003
2000,NaknekKvichak,324,,NRSHA,1,3,0.721
2000,NaknekKvichak,324,,NRSHA,2,2,0.0487
2000,NaknekKvichak,324,,NRSHA,1,4,0.0018
2000,NaknekKvichak,324,,NRSHA,2,3,0.1485
2001,NaknekKvichak,324,,NRSHA,1,1,0.0004
2001,NaknekKvichak,324,,NRSHA,0,3,0.0005
2001,NaknekKvichak,324,,NRSHA,1,2,0.0169
2001,NaknekKvichak,324,,NRSHA,2,1,0.0001
2001,NaknekKvichak,324,,NRSHA,1,3,0.9313
2001,NaknekKvichak,324,,NRSHA,2,2,0.0105
2001,NaknekKvichak,324,,NRSHA,1,4,0.0088
2001,NaknekKvichak,324,,NRSHA,2,3,0.0309
2001,NaknekKvichak,324,,NRSHA,2,4,0.0006
2002,NaknekKvichak,324,,NRSHA,0,2,0.0002
2002,NaknekKvichak,324,,NRSHA,1,2,0.1833
2002,NaknekKvichak,324,,NRSHA,1,3,0.3161
2002,NaknekKvichak,324,,NRSHA,2,2,0.3324
2002,NaknekKvichak,324,,NRSHA,1,4,0.0324
2002,NaknekKvichak,324,,NRSHA,2,3,0.1339
2002,NaknekKvichak,324,,NRSHA,3,2,0.0007
2002,NaknekKvichak,324,,NRSHA,2,4,0.0008
2002,NaknekKvichak,324,,NRSHA,3,3,0.0002
2003,NaknekKvichak,324,,NRSHA,1,1,0.0001
2003,NaknekKvichak,324,,NRSHA,0,3,0
2003,NaknekKvichak,324,,NRSHA,1,2,0.1316
2003,NaknekKvichak,324,,NRSHA,2,1,0.0004
2003,NaknekKvichak,324,,NRSHA,1,3,0.4174
2003,NaknekKvichak,324,,NRSHA,2,2,0.106
2003,NaknekKvichak,324,,NRSHA,1,4,0.0037
2003,NaknekKvichak,324,,NRSHA,2,3,0.3389
2003,NaknekKvichak,324,,NRSHA,3,2,0.0016
2003,NaknekKvichak,324,,NRSHA,2,4,0.0004
2004,NaknekKvichak,324,,NRSHA,0,3,0.000333897
2004,NaknekKvichak,324,,NRSHA,1,2,0.308832943
2004,NaknekKvichak,324,,NRSHA,1,3,0.303248739
2004,NaknekKvichak,324,,NRSHA,2,2,0.231472969
2004,NaknekKvichak,324,,NRSHA,1,4,0.002139343
2004,NaknekKvichak,324,,NRSHA,2,3,0.151475142
2004,NaknekKvichak,324,,NRSHA,2,4,0.002346609
2004,NaknekKvichak,324,,NRSHA,3,4,0.000150358
2005,NaknekKvichak,324,,NRSHA,1,1,8.47E-05
2005,NaknekKvichak,324,,NRSHA,0,3,8.47E-05
2005,NaknekKvichak,324,,NRSHA,1,2,0.039338087
2005,NaknekKvichak,324,,NRSHA,2,1,0.000103287
2005,NaknekKvichak,324,,NRSHA,1,3,0.768775716
2005,NaknekKvichak,324,,NRSHA,2,2,0.06296073
2005,NaknekKvichak,324,,NRSHA,1,4,0.001600317
2005,NaknekKvichak,324,,NRSHA,2,3,0.127052464
2006,NaknekKvichak,324,,NRSHA,1,2,0.155857163
2006,NaknekKvichak,324,,NRSHA,1,3,0.665824741
2006,NaknekKvichak,324,,NRSHA,1,4,0.013013569
2006,NaknekKvichak,324,,NRSHA,2,2,0.063228823
2006,NaknekKvichak,324,,NRSHA,2,3,0.100256812
2006,NaknekKvichak,324,,NRSHA,3,2,0.000803106
2006,NaknekKvichak,324,,NRSHA,2,4,0.000507893
2006,NaknekKvichak,324,,NRSHA,3,3,0.000507893
2007,NaknekKvichak,324,,NRSHA,1,2,0.342449465
2007,NaknekKvichak,324,,NRSHA,1,3,0.510107015
2007,NaknekKvichak,324,,NRSHA,2,2,0.026159334
2007,NaknekKvichak,324,,NRSHA,1,4,0.005945303
2007,NaknekKvichak,324,,NRSHA,2,3,0.115338882
1999,Nushagak,325,300,WRSHA,1,2,0.6105
1999,Nushagak,325,300,WRSHA,1,3,0.285
1999,Nushagak,325,300,WRSHA,2,2,0.0761
1999,Nushagak,325,300,WRSHA,1,4,0.0013
1999,Nushagak,325,300,WRSHA,2,3,0.0271
2000,Nushagak,325,300,WRSHA,1,2,0.4144
2000,Nushagak,325,300,WRSHA,1,3,0.5426
2000,Nushagak,325,300,WRSHA,2,2,0.0204
2000,Nushagak,325,300,WRSHA,2,3,0.0227
2002,Nushagak,325,300,WRSHA,0,2,0.0019
2002,Nushagak,325,300,WRSHA,0,3,0.0013
2002,Nushagak,325,300,WRSHA,1,2,0.8274
2002,Nushagak,325,300,WRSHA,2,1,0.0006
2002,Nushagak,325,300,WRSHA,1,3,0.1082
2002,Nushagak,325,300,WRSHA,2,2,0.053
2002,Nushagak,325,300,WRSHA,1,4,0.0039
2002,Nushagak,325,300,WRSHA,2,3,0.0035
2010,Nushagak,325,300,WRSHA,1,2,0.340490888
2010,Nushagak,325,300,WRSHA,1,3,0.595109464
2010,Nushagak,325,300,WRSHA,2,2,0.03893193
2010,Nushagak,325,300,WRSHA,2,3,0.025467717
2012,NaknekKvichak,324,,Kvi Set,0,2,0
2012,NaknekKvichak,324,,Kvi Set,0,3,0.000576515
2012,NaknekKvichak,324,,Kvi Set,0,4,0
2012,NaknekKvichak,324,,Kvi Set,0,5,0
2012,NaknekKvichak,324,,Kvi Set,1,1,0
2012,NaknekKvichak,324,,Kvi Set,1,2,0.161693421
2012,NaknekKvichak,324,,Kvi Set,1,3,0.39622784
2012,NaknekKvichak,324,,Kvi Set,1,4,0.003738582
2012,NaknekKvichak,324,,Kvi Set,1,5,0
2012,NaknekKvichak,324,,Kvi Set,2,1,0
2012,NaknekKvichak,324,,Kvi Set,2,2,0.307585734
2012,NaknekKvichak,324,,Kvi Set,2,3,0.127295336
2012,NaknekKvichak,324,,Kvi Set,2,4,0.002306058
2012,NaknekKvichak,324,,Kvi Set,3,1,0
2012,NaknekKvichak,324,,Kvi Set,3,2,0.000576515
2012,NaknekKvichak,324,,Kvi Set,3,3,0
2012,Nushagak,325,300,WRSHA,0,2,0
2012,Nushagak,325,300,WRSHA,0,3,0
2012,Nushagak,325,300,WRSHA,0,4,0
2012,Nushagak,325,300,WRSHA,0,5,0
2012,Nushagak,325,300,WRSHA,1,1,0
2012,Nushagak,325,300,WRSHA,1,2,0.451704545
2012,Nushagak,325,300,WRSHA,1,3,0.318181818
2012,Nushagak,325,300,WRSHA,1,4,0.002840909
2012,Nushagak,325,300,WRSHA,1,5,0
2012,Nushagak,325,300,WRSHA,2,1,0
2012,Nushagak,325,300,WRSHA,2,2,0.190340909
2012,Nushagak,325,300,WRSHA,2,3,0.036931818
2012,Nushagak,325,300,WRSHA,2,4,0
2012,Nushagak,325,300,WRSHA,3,1,0
2012,Nushagak,325,300,WRSHA,3,2,0
2012,Nushagak,325,300,WRSHA,3,3,0
2012,Nushagak,325,100,Igushik Set,0,2,0
2012,Nushagak,325,100,Igushik Set,0,3,0
2012,Nushagak,325,100,Igushik Set,0,4,0
2012,Nushagak,325,100,Igushik Set,0,5,0
2012,Nushagak,325,100,Igushik Set,1,1,0
2012,Nushagak,325,100,Igushik Set,1,2,0.139167862
2012,Nushagak,325,100,Igushik Set,1,3,0.776183644
2012,Nushagak,325,100,Igushik Set,1,4,0.00143472
2012,Nushagak,325,100,Igushik Set,1,5,0
2012,Nushagak,325,100,Igushik Set,2,1,0
2012,Nushagak,325,100,Igushik Set,2,2,0.043041607
2012,Nushagak,325,100,Igushik Set,2,3,0.040172166
2012,Nushagak,325,100,Igushik Set,2,4,0
2012,Nushagak,325,100,Igushik Set,3,1,0
2012,Nushagak,325,100,Igushik Set,3,2,0
2012,Nushagak,325,100,Igushik Set,3,3,0
2013,NaknekKvichak,324,,Kvi Set,0,2,0
2013,NaknekKvichak,324,,Kvi Set,0,3,0
2013,NaknekKvichak,324,,Kvi Set,0,4,0
2013,NaknekKvichak,324,,Kvi Set,0,5,0
2013,NaknekKvichak,324,,Kvi Set,1,1,0
2013,NaknekKvichak,324,,Kvi Set,1,2,0.115789474
2013,NaknekKvichak,324,,Kvi Set,1,3,0.407368421
2013,NaknekKvichak,324,,Kvi Set,1,4,0.003157895
2013,NaknekKvichak,324,,Kvi Set,1,5,0
2013,NaknekKvichak,324,,Kvi Set,2,1,0.002105263
2013,NaknekKvichak,324,,Kvi Set,2,2,0.208421053
2013,NaknekKvichak,324,,Kvi Set,2,3,0.262105263
2013,NaknekKvichak,324,,Kvi Set,2,4,0
2013,NaknekKvichak,324,,Kvi Set,3,1,0
2013,NaknekKvichak,324,,Kvi Set,3,2,0
2013,NaknekKvichak,324,,Kvi Set,3,3,0.001052632
2013,Nushagak,325,100,Igushik Set,0,2,0
2013,Nushagak,325,100,Igushik Set,0,3,0
2013,Nushagak,325,100,Igushik Set,0,4,0
2013,Nushagak,325,100,Igushik Set,0,5,0
2013,Nushagak,325,100,Igushik Set,1,1,0
2013,Nushagak,325,100,Igushik Set,1,2,0.128534704
2013,Nushagak,325,100,Igushik Set,1,3,0.83033419
2013,Nushagak,325,100,Igushik Set,1,4,0
2013,Nushagak,325,100,Igushik Set,1,5,0
2013,Nushagak,325,100,Igushik Set,2,1,0
2013,Nushagak,325,100,Igushik Set,2,2,0.038560411
2013,Nushagak,325,100,Igushik Set,2,3,0.002570694
2013,Nushagak,325,100,Igushik Set,2,4,0
2013,Nushagak,325,100,Igushik Set,3,1,0
2013,Nushagak,325,100,Igushik Set,3,2,0
2013,Nushagak,325,100,Igushik Set,3,3,0
2014,NaknekKvichak,324,,Kvi Set,0,2,0
2014,NaknekKvichak,324,,Kvi Set,0,3,0.000475798
2014,NaknekKvichak,324,,Kvi Set,0,4,0
2014,NaknekKvichak,324,,Kvi Set,0,5,0
2014,NaknekKvichak,324,,Kvi Set,1,1,0.000567043
2014,NaknekKvichak,324,,Kvi Set,1,2,0.471539976
2014,NaknekKvichak,324,,Kvi Set,1,3,0.126920313
2014,NaknekKvichak,324,,Kvi Set,1,4,0.001427393
2014,NaknekKvichak,324,,Kvi Set,1,5,0
2014,NaknekKvichak,324,,Kvi Set,2,1,0.001134087
2014,NaknekKvichak,324,,Kvi Set,2,2,0.343296944
2014,NaknekKvichak,324,,Kvi Set,2,3,0.054162649
2014,NaknekKvichak,324,,Kvi Set,2,4,0.000475798
2014,NaknekKvichak,324,,Kvi Set,3,1,0
2014,NaknekKvichak,324,,Kvi Set,3,2,0
2014,NaknekKvichak,324,,Kvi Set,3,3,0
2014,Nushagak,325,100,Igushik Set,0,2,0
2014,Nushagak,325,100,Igushik Set,0,3,0
2014,Nushagak,325,100,Igushik Set,0,4,0
2014,Nushagak,325,100,Igushik Set,0,5,0
2014,Nushagak,325,100,Igushik Set,1,1,0
2014,Nushagak,325,100,Igushik Set,1,2,0.322004623
2014,Nushagak,325,100,Igushik Set,1,3,0.536063939
2014,Nushagak,325,100,Igushik Set,1,4,0.001433394
2014,Nushagak,325,100,Igushik Set,1,5,0
2014,Nushagak,325,100,Igushik Set,2,1,0
2014,Nushagak,325,100,Igushik Set,2,2,0.071022226
2014,Nushagak,325,100,Igushik Set,2,3,0.068760533
2014,Nushagak,325,100,Igushik Set,2,4,0.000715284
2014,Nushagak,325,100,Igushik Set,3,1,0
2014,Nushagak,325,100,Igushik Set,3,2,0
2014,Nushagak,325,100,Igushik Set,3,3,0
2014,Nushagak,325,300,WRSHA,0,2,0
2014,Nushagak,325,300,WRSHA,0,3,0.000653432
2014,Nushagak,325,300,WRSHA,0,4,0
2014,Nushagak,325,300,WRSHA,0,5,0
2014,Nushagak,325,300,WRSHA,1,1,0.002911587
2014,Nushagak,325,300,WRSHA,1,2,0.79811872
2014,Nushagak,325,300,WRSHA,1,3,0.176198077
2014,Nushagak,325,300,WRSHA,1,4,0.002680442
2014,Nushagak,325,300,WRSHA,1,5,0
2014,Nushagak,325,300,WRSHA,2,1,0
2014,Nushagak,325,300,WRSHA,2,2,0.016135894
2014,Nushagak,325,300,WRSHA,2,3,0.003301846
2014,Nushagak,325,300,WRSHA,2,4,0
2014,Nushagak,325,300,WRSHA,3,1,0
2014,Nushagak,325,300,WRSHA,3,2,0
2014,Nushagak,325,300,WRSHA,3,3,0
2015,NaknekKvichak,324,,Kvi Set,0,2,0
2015,NaknekKvichak,324,,Kvi Set,0,3,0
2015,NaknekKvichak,324,,Kvi Set,0,4,0
2015,NaknekKvichak,324,,Kvi Set,0,5,0
2015,NaknekKvichak,324,,Kvi Set,1,1,0
2015,NaknekKvichak,324,,Kvi Set,1,2,0.099533437
2015,NaknekKvichak,324,,Kvi Set,1,3,0.283048212
2015,NaknekKvichak,324,,Kvi Set,1,4,0.00311042
2015,NaknekKvichak,324,,Kvi Set,1,5,0
2015,NaknekKvichak,324,,Kvi Set,2,1,0
2015,NaknekKvichak,324,,Kvi Set,2,2,0.566096423
2015,NaknekKvichak,324,,Kvi Set,2,3,0.048211509
2015,NaknekKvichak,324,,Kvi Set,2,4,0
2015,NaknekKvichak,324,,Kvi Set,3,1,0
2015,NaknekKvichak,324,,Kvi Set,3,2,0
2015,NaknekKvichak,324,,Kvi Set,3,3,0
2015,Nushagak,325,100,Igushik Set,0,2,0
2015,Nushagak,325,100,Igushik Set,0,3,0
2015,Nushagak,325,100,Igushik Set,0,4,0
2015,Nushagak,325,100,Igushik Set,0,5,0
2015,Nushagak,325,100,Igushik Set,1,1,0
2015,Nushagak,325,100,Igushik Set,1,2,0.111662531
2015,Nushagak,325,100,Igushik Set,1,3,0.888337469
2015,Nushagak,325,100,Igushik Set,1,4,0
2015,Nushagak,325,100,Igushik Set,1,5,0
2015,Nushagak,325,100,Igushik Set,2,1,0
2015,Nushagak,325,100,Igushik Set,2,2,0
2015,Nushagak,325,100,Igushik Set,2,3,0
2015,Nushagak,325,100,Igushik Set,2,4,0
2015,Nushagak,325,100,Igushik Set,3,1,0
2015,Nushagak,325,100,Igushik Set,3,2,0
2015,Nushagak,325,100,Igushik Set,3,3,0
2016,NaknekKvichak,324,,Kvi Set,0,2,0
2016,NaknekKvichak,324,,Kvi Set,0,3,0
2016,NaknekKvichak,324,,Kvi Set,0,4,0
2016,NaknekKvichak,324,,Kvi Set,0,5,0
2016,NaknekKvichak,324,,Kvi Set,1,1,0.000993253
2016,NaknekKvichak,324,,Kvi Set,1,2,0.417072743
2016,NaknekKvichak,324,,Kvi Set,1,3,0.243385162
2016,NaknekKvichak,324,,Kvi Set,1,4,0
2016,NaknekKvichak,324,,Kvi Set,1,5,0
2016,NaknekKvichak,324,,Kvi Set,2,1,0
2016,NaknekKvichak,324,,Kvi Set,2,2,0.219256778
2016,NaknekKvichak,324,,Kvi Set,2,3,0.118357623
2016,NaknekKvichak,324,,Kvi Set,2,4,0
2016,NaknekKvichak,324,,Kvi Set,3,1,0
2016,NaknekKvichak,324,,Kvi Set,3,2,0
2016,NaknekKvichak,324,,Kvi Set,3,3,0
2016,Nushagak,325,100,Igushik Set,0,2,0
2016,Nushagak,325,100,Igushik Set,0,3,0.001831941
2016,Nushagak,325,100,Igushik Set,0,4,0
2016,Nushagak,325,100,Igushik Set,0,5,0
2016,Nushagak,325,100,Igushik Set,1,1,0
2016,Nushagak,325,100,Igushik Set,1,2,0.062270562
2016,Nushagak,325,100,Igushik Set,1,3,0.917582835
2016,Nushagak,325,100,Igushik Set,1,4,0
2016,Nushagak,325,100,Igushik Set,1,5,0
2016,Nushagak,325,100,Igushik Set,2,1,0
2016,Nushagak,325,100,Igushik Set,2,2,0.003662695
2016,Nushagak,325,100,Igushik Set,2,3,0.014651967
2016,Nushagak,325,100,Igushik Set,2,4,0
2016,Nushagak,325,100,Igushik Set,3,1,0
2016,Nushagak,325,100,Igushik Set,3,2,0
2016,Nushagak,325,100,Igushik Set,3,3,0
2017,NaknekKvichak,324,,Kvi Set,0,2,0
2017,NaknekKvichak,324,,Kvi Set,0,3,0
2017,NaknekKvichak,324,,Kvi Set,0,4,0
2017,NaknekKvichak,324,,Kvi Set,0,5,0
2017,NaknekKvichak,324,,Kvi Set,1,1,0.000557338
2017,NaknekKvichak,324,,Kvi Set,1,2,0.469197908
2017,NaknekKvichak,324,,Kvi Set,1,3,0.399768744
2017,NaknekKvichak,324,,Kvi Set,1,4,0
2017,NaknekKvichak,324,,Kvi Set,1,5,0
2017,NaknekKvichak,324,,Kvi Set,2,1,0
2017,NaknekKvichak,324,,Kvi Set,2,2,0.057100974
2017,NaknekKvichak,324,,Kvi Set,2,3,0.073374069
2017,NaknekKvichak,324,,Kvi Set,2,4,0
2017,NaknekKvichak,324,,Kvi Set,3,1,0
2017,NaknekKvichak,324,,Kvi Set,3,2,0
2017,NaknekKvichak,324,,Kvi Set,3,3,0
2017,Nushagak,325,100,Igushik Set,0,2,0
2017,Nushagak,325,100,Igushik Set,0,3,0
2017,Nushagak,325,100,Igushik Set,0,4,0
2017,Nushagak,325,100,Igushik Set,0,5,0
2017,Nushagak,325,100,Igushik Set,1,1,0.001987422
2017,Nushagak,325,100,Igushik Set,1,2,0.590476376
2017,Nushagak,325,100,Igushik Set,1,3,0.396686476
2017,Nushagak,325,100,Igushik Set,1,4,0.00427977
2017,Nushagak,325,100,Igushik Set,1,5,0
2017,Nushagak,325,100,Igushik Set,2,1,0
2017,Nushagak,325,100,Igushik Set,2,2,0.002595111
2017,Nushagak,325,100,Igushik Set,2,3,0.003974845
2017,Nushagak,325,100,Igushik Set,2,4,0
2017,Nushagak,325,100,Igushik Set,3,1,0
2017,Nushagak,325,100,Igushik Set,3,2,0
2017,Nushagak,325,100,Igushik Set,3,3,0
2017,Nushagak,325,300,WRSHA,0,2,0
2017,Nushagak,325,300,WRSHA,0,3,0
2017,Nushagak,325,300,WRSHA,0,4,0
2017,Nushagak,325,300,WRSHA,0,5,0
2017,Nushagak,325,300,WRSHA,1,1,0
2017,Nushagak,325,300,WRSHA,1,2,0.856448427
2017,Nushagak,325,300,WRSHA,1,3,0.136253734
2017,Nushagak,325,300,WRSHA,1,4,0.002432613
2017,Nushagak,325,300,WRSHA,1,5,0
2017,Nushagak,325,300,WRSHA,2,1,0
2017,Nushagak,325,300,WRSHA,2,2,0.002432613
2017,Nushagak,325,300,WRSHA,2,3,0.002432613
2017,Nushagak,325,300,WRSHA,2,4,0
2017,Nushagak,325,300,WRSHA,3,1,0
2017,Nushagak,325,300,WRSHA,3,2,0
2017,Nushagak,325,300,WRSHA,3,3,0
2018,NaknekKvichak,324,,Kvi Set,0,2,0
2018,NaknekKvichak,324,,Kvi Set,0,3,0
2018,NaknekKvichak,324,,Kvi Set,0,4,0
2018,NaknekKvichak,324,,Kvi Set,0,5,0
2018,NaknekKvichak,324,,Kvi Set,1,1,0
2018,NaknekKvichak,324,,Kvi Set,1,2,0.506570371
2018,NaknekKvichak,324,,Kvi Set,1,3,0.457369369
2018,NaknekKvichak,324,,Kvi Set,1,4,0.004072584
2018,NaknekKvichak,324,,Kvi Set,1,5,0
2018,NaknekKvichak,324,,Kvi Set,2,1,0
2018,NaknekKvichak,324,,Kvi Set,2,2,0.009821251
2018,NaknekKvichak,324,,Kvi Set,2,3,0.021369225
2018,NaknekKvichak,324,,Kvi Set,2,4,0.000798834
2018,NaknekKvichak,324,,Kvi Set,3,1,0
2018,NaknekKvichak,324,,Kvi Set,3,2,0
2018,NaknekKvichak,324,,Kvi Set,3,3,0
2018,NaknekKvichak,324,,Nak Set,0,2,0
2018,NaknekKvichak,324,,Nak Set,0,3,0
2018,NaknekKvichak,324,,Nak Set,0,4,0
2018,NaknekKvichak,324,,Nak Set,0,5,0
2018,NaknekKvichak,324,,Nak Set,1,1,0.0025
2018,NaknekKvichak,324,,Nak Set,1,2,0.478705189
2018,NaknekKvichak,324,,Nak Set,1,3,0.389975236
2018,NaknekKvichak,324,,Nak Set,1,4,0
2018,NaknekKvichak,324,,Nak Set,1,5,0
2018,NaknekKvichak,324,,Nak Set,2,1,0
2018,NaknekKvichak,324,,Nak Set,2,2,0.052370283
2018,NaknekKvichak,324,,Nak Set,2,3,0.074891509
2018,NaknekKvichak,324,,Nak Set,2,4,0
2018,NaknekKvichak,324,,Nak Set,3,1,0
2018,NaknekKvichak,324,,Nak Set,3,2,0
2018,NaknekKvichak,324,,Nak Set,3,3,0.001556604
2018,NaknekKvichak,324,,NRSHA,0,2,0
2018,NaknekKvichak,324,,NRSHA,0,3,0
2018,NaknekKvichak,324,,NRSHA,0,4,0
2018,NaknekKvichak,324,,NRSHA,0,5,0
2018,NaknekKvichak,324,,NRSHA,1,1,0.000350594
2018,NaknekKvichak,324,,NRSHA,1,2,0.210868528
2018,NaknekKvichak,324,,NRSHA,1,3,0.691719948
2018,NaknekKvichak,324,,NRSHA,1,4,0.001401116
2018,NaknekKvichak,324,,NRSHA,1,5,0
2018,NaknekKvichak,324,,NRSHA,2,1,0.000350594
2018,NaknekKvichak,324,,NRSHA,2,2,0.028046231
2018,NaknekKvichak,324,,NRSHA,2,3,0.065929854
2018,NaknekKvichak,324,,NRSHA,2,4,0.001332508
2018,NaknekKvichak,324,,NRSHA,3,1,0
2018,NaknekKvichak,324,,NRSHA,3,2,0
2018,NaknekKvichak,324,,NRSHA,3,3,0
2018,Nushagak,325,100,Igushik Set,0,2,0
2018,Nushagak,325,100,Igushik Set,0,3,0
2018,Nushagak,325,100,Igushik Set,0,4,0
2018,Nushagak,325,100,Igushik Set,0,5,0
2018,Nushagak,325,100,Igushik Set,1,1,0
2018,Nushagak,325,100,Igushik Set,1,2,0.221774187
2018,Nushagak,325,100,Igushik Set,1,3,0.778225813
2018,Nushagak,325,100,Igushik Set,1,4,0
2018,Nushagak,325,100,Igushik Set,1,5,0
2018,Nushagak,325,100,Igushik Set,2,1,0
2018,Nushagak,325,100,Igushik Set,2,2,0
2018,Nushagak,325,100,Igushik Set,2,3,0
2018,Nushagak,325,100,Igushik Set,2,4,0
2018,Nushagak,325,100,Igushik Set,3,1,0
2018,Nushagak,325,100,Igushik Set,3,2,0
2018,Nushagak,325,100,Igushik Set,3,3,0
2018,Nushagak,325,300,WRSHA,0,2,0
2018,Nushagak,325,300,WRSHA,0,3,0
2018,Nushagak,325,300,WRSHA,0,4,0
2018,Nushagak,325,300,WRSHA,0,5,0
2018,Nushagak,325,300,WRSHA,1,1,0
2018,Nushagak,325,300,WRSHA,1,2,0.784883399
2018,Nushagak,325,300,WRSHA,1,3,0.209302161
2018,Nushagak,325,300,WRSHA,1,4,0
2018,Nushagak,325,300,WRSHA,1,5,0
2018,Nushagak,325,300,WRSHA,2,1,0
2018,Nushagak,325,300,WRSHA,2,2,0.00581444
2018,Nushagak,325,300,WRSHA,2,3,0
2018,Nushagak,325,300,WRSHA,2,4,0
2018,Nushagak,325,300,WRSHA,3,1,0
2018,Nushagak,325,300,WRSHA,3,2,0
2018,Nushagak,325,300,WRSHA,3,3,0
2019,NaknekKvichak,324,,Kvi Set,0,2,0
2019,NaknekKvichak,324,,Kvi Set,0,3,0
2019,NaknekKvichak,324,,Kvi Set,0,4,0
2019,NaknekKvichak,324,,Kvi Set,0,5,0
2019,NaknekKvichak,324,,Kvi Set,1,1,0
2019,NaknekKvichak,324,,Kvi Set,1,2,0.609396
2019,NaknekKvichak,324,,Kvi Set,1,3,0.355705
2019,NaknekKvichak,324,,Kvi Set,1,4,0.001342
2019,NaknekKvichak,324,,Kvi Set,1,5,0
2019,NaknekKvichak,324,,Kvi Set,2,1,0
2019,NaknekKvichak,324,,Kvi Set,2,2,0.026845
2019,NaknekKvichak,324,,Kvi Set,2,3,0.006711
2019,NaknekKvichak,324,,Kvi Set,2,4,0
2019,NaknekKvichak,324,,Kvi Set,3,1,0
2019,NaknekKvichak,324,,Kvi Set,3,2,0
2019,NaknekKvichak,324,,Kvi Set,3,3,0
2019,NaknekKvichak,324,,Nak Set,0,2,0
2019,NaknekKvichak,324,,Nak Set,0,3,0
2019,NaknekKvichak,324,,Nak Set,0,4,0
2019,NaknekKvichak,324,,Nak Set,0,5,0
2019,NaknekKvichak,324,,Nak Set,1,1,0
2019,NaknekKvichak,324,,Nak Set,1,2,0.596636
2019,NaknekKvichak,324,,Nak Set,1,3,0.365099
2019,NaknekKvichak,324,,Nak Set,1,4,0.002252
2019,NaknekKvichak,324,,Nak Set,1,5,0
2019,NaknekKvichak,324,,Nak Set,2,1,0
2019,NaknekKvichak,324,,Nak Set,2,2,0.025005
2019,NaknekKvichak,324,,Nak Set,2,3,0.010899
2019,NaknekKvichak,324,,Nak Set,2,4,0
2019,NaknekKvichak,324,,Nak Set,3,1,0
2019,NaknekKvichak,324,,Nak Set,3,2,0
2019,NaknekKvichak,324,,Nak Set,3,3,0
2019,NaknekKvichak,324,,NRSHA,0,2,0
2019,NaknekKvichak,324,,NRSHA,0,3,0
2019,NaknekKvichak,324,,NRSHA,0,4,0
2019,NaknekKvichak,324,,NRSHA,0,5,0
2019,NaknekKvichak,324,,NRSHA,1,1,0
2019,NaknekKvichak,324,,NRSHA,1,2,0.429264
2019,NaknekKvichak,324,,NRSHA,1,3,0.50244
2019,NaknekKvichak,324,,NRSHA,1,4,0
2019,NaknekKvichak,324,,NRSHA,1,5,0
2019,NaknekKvichak,324,,NRSHA,2,1,0
2019,NaknekKvichak,324,,NRSHA,2,2,0.043901
2019,NaknekKvichak,324,,NRSHA,2,3,0.024395
2019,NaknekKvichak,324,,NRSHA,2,4,0
2019,NaknekKvichak,324,,NRSHA,3,1,0
2019,NaknekKvichak,324,,NRSHA,3,2,0
2019,NaknekKvichak,324,,NRSHA,3,3,0
2019,Nushagak,325,100,Igushik Set,0,2,0
2019,Nushagak,325,100,Igushik Set,0,3,0
2019,Nushagak,325,100,Igushik Set,0,4,0
2019,Nushagak,325,100,Igushik Set,0,5,0
2019,Nushagak,325,100,Igushik Set,1,1,0
2019,Nushagak,325,100,Igushik Set,1,2,0.170033
2019,Nushagak,325,100,Igushik Set,1,3,0.805565
2019,Nushagak,325,100,Igushik Set,1,4,0.002639
2019,Nushagak,325,100,Igushik Set,1,5,0
2019,Nushagak,325,100,Igushik Set,2,1,0
2019,Nushagak,325,100,Igushik Set,2,2,0.013502
2019,Nushagak,325,100,Igushik Set,2,3,0.008262
2019,Nushagak,325,100,Igushik Set,2,4,0
2019,Nushagak,325,100,Igushik Set,3,1,0
2019,Nushagak,325,100,Igushik Set,3,2,0
2019,Nushagak,325,100,Igushik Set,3,3,0
2019,Nushagak,325,300,WRSHA,0,2,0
2019,Nushagak,325,300,WRSHA,0,3,0
2019,Nushagak,325,300,WRSHA,0,4,0
2019,Nushagak,325,300,WRSHA,0,5,0
2019,Nushagak,325,300,WRSHA,1,1,0.030228
2019,Nushagak,325,300,WRSHA,1,2,0.821971
2019,Nushagak,325,300,WRSHA,1,3,0.110391
2019,Nushagak,325,300,WRSHA,1,4,0
2019,Nushagak,325,300,WRSHA,1,5,0
2019,Nushagak,325,300,WRSHA,2,1,0.001659
2019,Nushagak,325,300,WRSHA,2,2,0.034277
2019,Nushagak,325,300,WRSHA,2,3,0.001474
2019,Nushagak,325,300,WRSHA,2,4,0
2019,Nushagak,325,300,WRSHA,3,1,0
2019,Nushagak,325,300,WRSHA,3,2,0
2019,Nushagak,325,300,WRSHA,3,3,0
2020,NaknekKvichak,324,,Kvi Set,0,2,0
2020,NaknekKvichak,324,,Kvi Set,0,3,0
2020,NaknekKvichak,324,,Kvi Set,0,4,0
2020,NaknekKvichak,324,,Kvi Set,0,5,0
2020,NaknekKvichak,324,,Kvi Set,1,1,0
2020,NaknekKvichak,324,,Kvi Set,1,2,0.27568
2020,NaknekKvichak,324,,Kvi Set,1,3,0.71351
2020,NaknekKvichak,324,,Kvi Set,1,4,0
2020,NaknekKvichak,324,,Kvi Set,1,5,0
2020,NaknekKvichak,324,,Kvi Set,2,1,0
2020,NaknekKvichak,324,,Kvi Set,2,2,0.00811
2020,NaknekKvichak,324,,Kvi Set,2,3,0.0027
2020,NaknekKvichak,324,,Kvi Set,2,4,0
2020,NaknekKvichak,324,,Kvi Set,3,1,0
2020,NaknekKvichak,324,,Kvi Set,3,2,0
2020,NaknekKvichak,324,,Kvi Set,3,3,0
2020,NaknekKvichak,324,,Nak Set,0,2,0
2020,NaknekKvichak,324,,Nak Set,0,3,0
2020,NaknekKvichak,324,,Nak Set,0,4,0
2020,NaknekKvichak,324,,Nak Set,0,5,0
2020,NaknekKvichak,324,,Nak Set,1,1,0.0013
2020,NaknekKvichak,324,,Nak Set,1,2,0.2267
2020,NaknekKvichak,324,,Nak Set,1,3,0.7493
2020,NaknekKvichak,324,,Nak Set,1,4,0
2020,NaknekKvichak,324,,Nak Set,1,5,0
2020,NaknekKvichak,324,,Nak Set,2,1,0
2020,NaknekKvichak,324,,Nak Set,2,2,0.0187
2020,NaknekKvichak,324,,Nak Set,2,3,0.004
2020,NaknekKvichak,324,,Nak Set,2,4,0
2020,NaknekKvichak,324,,Nak Set,3,1,0
2020,NaknekKvichak,324,,Nak Set,3,2,0
2020,NaknekKvichak,324,,Nak Set,3,3,0
2020,Nushagak,325,100,Igushik Set,0,2,0
2020,Nushagak,325,100,Igushik Set,0,3,0
2020,Nushagak,325,100,Igushik Set,0,4,0
2020,Nushagak,325,100,Igushik Set,0,5,0
2020,Nushagak,325,100,Igushik Set,1,1,0.002748483
2020,Nushagak,325,100,Igushik Set,1,2,0.553627843
2020,Nushagak,325,100,Igushik Set,1,3,0.435381313
2020,Nushagak,325,100,Igushik Set,1,4,0
2020,Nushagak,325,100,Igushik Set,1,5,0
2020,Nushagak,325,100,Igushik Set,2,1,0
2020,Nushagak,325,100,Igushik Set,2,2,0.008242361
2020,Nushagak,325,100,Igushik Set,2,3,0
2020,Nushagak,325,100,Igushik Set,2,4,0
2020,Nushagak,325,100,Igushik Set,3,1,0
2020,Nushagak,325,100,Igushik Set,3,2,0
2020,Nushagak,325,100,Igushik Set,3,3,0
2020,Nushagak,325,300,WRSHA,0,2,0
2020,Nushagak,325,300,WRSHA,0,3,0
2020,Nushagak,325,300,WRSHA,0,4,0
2020,Nushagak,325,300,WRSHA,0,5,0
2020,Nushagak,325,300,WRSHA,1,1,0
2020,Nushagak,325,300,WRSHA,1,2,0.7051
2020,Nushagak,325,300,WRSHA,1,3,0.2719
2020,Nushagak,325,300,WRSHA,1,4,0.0046
2020,Nushagak,325,300,WRSHA,1,5,0
2020,Nushagak,325,300,WRSHA,2,1,0
2020,Nushagak,325,300,WRSHA,2,2,0.0184
2020,Nushagak,325,300,WRSHA,2,3,0
2020,Nushagak,325,300,WRSHA,2,4,0
2020,Nushagak,325,300,WRSHA,3,1,0
2020,Nushagak,325,300,WRSHA,3,2,0
2020,Nushagak,325,300,WRSHA,3,3,0