DistrictID,Stream,District,System,Year,Type,SumOfTotal
321,100,Ugashik,Ugashik,1956,Escapement,425295
321,100,Ugashik,Ugashik,1957,Escapement,214802
321,100,Ugashik,Ugashik,1958,Escapement,279546
321,100,Ugashik,Ugashik,1959,Escapement,219228
321,100,Ugashik,Ugashik,1960,Escapement,2304200
321,100,Ugashik,Ugashik,1961,Escapement,348639
321,100,Ugashik,Ugashik,1962,Escapement,255426
321,100,Ugashik,Ugashik,1963,Escapement,388254
321,100,Ugashik,Ugashik,1964,Escapement,472770
321,100,Ugashik,Ugashik,1965,Escapement,996612
321,100,Ugashik,Ugashik,1966,Escapement,704436
321,100,Ugashik,Ugashik,1967,Escapement,238830
321,100,Ugashik,Ugashik,1968,Escapement,70896
321,100,Ugashik,Ugashik,1969,Escapement,160380
321,100,Ugashik,Ugashik,1970,Escapement,735024
321,100,Ugashik,Ugashik,1971,Escapement,529752
321,100,Ugashik,Ugashik,1972,Escapement,79428
321,100,Ugashik,Ugashik,1973,Escapement,38988
321,100,Ugashik,Ugashik,1974,Escapement,61854
321,100,Ugashik,Ugashik,1975,Escapement,429336
321,100,Ugashik,Ugashik,1976,Escapement,356308
321,100,Ugashik,Ugashik,1977,Escapement,201520
321,100,Ugashik,Ugashik,1978,Escapement,82435
321,100,Ugashik,Ugashik,1979,Escapement,1706904
321,100,Ugashik,Ugashik,1980,Escapement,3335284
321,100,Ugashik,Ugashik,1981,Escapement,1327699
321,100,Ugashik,Ugashik,1982,Escapement,1185551
321,100,Ugashik,Ugashik,1983,Escapement,1001364
321,100,Ugashik,Ugashik,1984,Escapement,1270318
321,100,Ugashik,Ugashik,1985,Escapement,1006407
321,100,Ugashik,Ugashik,1986,Escapement,1015582
321,100,Ugashik,Ugashik,1987,Escapement,686894
321,100,Ugashik,Ugashik,1988,Escapement,654412
321,100,Ugashik,Ugashik,1989,Escapement,1713287
321,100,Ugashik,Ugashik,1990,Escapement,749478
321,100,Ugashik,Ugashik,1991,Escapement,2482016
321,100,Ugashik,Ugashik,1992,Escapement,2194927
321,100,Ugashik,Ugashik,1993,Escapement,1413454
321,100,Ugashik,Ugashik,1994,Escapement,1095068
321,100,Ugashik,Ugashik,1995,Escapement,1321108
321,100,Ugashik,Ugashik,1996,Escapement,692167
321,100,Ugashik,Ugashik,1997,Escapement,656641
321,100,Ugashik,Ugashik,1998,Escapement,924853
321,100,Ugashik,Ugashik,1999,Escapement,1662042
321,100,Ugashik,Ugashik,2000,Escapement,638420
321,100,Ugashik,Ugashik,2001,Escapement,866368
321,100,Ugashik,Ugashik,2002,Escapement,905584
321,100,Ugashik,Ugashik,2003,Escapement,790202
321,100,Ugashik,Ugashik,2004,Escapement,815104
321,100,Ugashik,Ugashik,2005,Escapement,799612
321,100,Ugashik,Ugashik,2006,Escapement,1003158
321,100,Ugashik,Ugashik,2007,Escapement,2599186
321,100,Ugashik,Ugashik,2008,Escapement,596332
321,100,Ugashik,Ugashik,2009,Escapement,1364338
321,100,Ugashik,Ugashik,2010,Escapement,830886
321,100,Ugashik,Ugashik,2011,Escapement,1029853
322,100,Egegik,Egegik,1956,Escapement,1104268
322,100,Egegik,Egegik,1957,Escapement,391207
322,100,Egegik,Egegik,1958,Escapement,246354
322,100,Egegik,Egegik,1959,Escapement,1072459
322,100,Egegik,Egegik,1960,Escapement,1798764
322,100,Egegik,Egegik,1961,Escapement,701538
322,100,Egegik,Egegik,1962,Escapement,1027482
322,100,Egegik,Egegik,1963,Escapement,997602
322,100,Egegik,Egegik,1964,Escapement,849576
322,100,Egegik,Egegik,1965,Escapement,1444608
322,100,Egegik,Egegik,1966,Escapement,804246
322,100,Egegik,Egegik,1967,Escapement,636864
322,100,Egegik,Egegik,1968,Escapement,338654
322,100,Egegik,Egegik,1969,Escapement,1015554
322,100,Egegik,Egegik,1970,Escapement,919734
322,100,Egegik,Egegik,1971,Escapement,634014
322,100,Egegik,Egegik,1972,Escapement,546402
322,100,Egegik,Egegik,1973,Escapement,328842
322,100,Egegik,Egegik,1974,Escapement,1275630
322,100,Egegik,Egegik,1975,Escapement,1173840
322,100,Egegik,Egegik,1976,Escapement,509160
322,100,Egegik,Egegik,1977,Escapement,692514
322,100,Egegik,Egegik,1978,Escapement,895698
322,100,Egegik,Egegik,1979,Escapement,1032042
322,100,Egegik,Egegik,1980,Escapement,1060860
322,100,Egegik,Egegik,1981,Escapement,694680
322,100,Egegik,Egegik,1982,Escapement,1034628
322,100,Egegik,Egegik,1983,Escapement,792282
322,100,Egegik,Egegik,1984,Escapement,1165345
322,100,Egegik,Egegik,1985,Escapement,1095192
322,100,Egegik,Egegik,1986,Escapement,1152180
322,100,Egegik,Egegik,1987,Escapement,1273553
322,100,Egegik,Egegik,1988,Escapement,1612745
322,100,Egegik,Egegik,1989,Escapement,1611566
322,100,Egegik,Egegik,1990,Escapement,2191582
322,100,Egegik,Egegik,1991,Escapement,2786925
322,100,Egegik,Egegik,1992,Escapement,1945632
322,100,Egegik,Egegik,1993,Escapement,1517000
322,100,Egegik,Egegik,1994,Escapement,1897977
322,100,Egegik,Egegik,1995,Escapement,1266692
322,100,Egegik,Egegik,1996,Escapement,1076460
322,100,Egegik,Egegik,1997,Escapement,1104004
322,100,Egegik,Egegik,1998,Escapement,1110938
322,100,Egegik,Egegik,1999,Escapement,1728397
322,100,Egegik,Egegik,2000,Escapement,1032138
322,100,Egegik,Egegik,2001,Escapement,968872
322,100,Egegik,Egegik,2002,Escapement,1036092
322,100,Egegik,Egegik,2003,Escapement,1152120
322,100,Egegik,Egegik,2004,Escapement,1290144
322,100,Egegik,Egegik,2005,Escapement,1621734
322,100,Egegik,Egegik,2006,Escapement,1465158
322,100,Egegik,Egegik,2007,Escapement,1432500
322,100,Egegik,Egegik,2008,Escapement,1259568
322,100,Egegik,Egegik,2009,Escapement,1146276
322,100,Egegik,Egegik,2010,Escapement,927054
322,100,Egegik,Egegik,2011,Escapement,961200
324,100,Naknek_Kvichak,Kvichak,1956,Escapement,9443318
324,100,Naknek_Kvichak,Kvichak,1957,Escapement,2842810
324,100,Naknek_Kvichak,Kvichak,1958,Escapement,534785
324,100,Naknek_Kvichak,Kvichak,1959,Escapement,673811
324,100,Naknek_Kvichak,Kvichak,1960,Escapement,14602360
324,100,Naknek_Kvichak,Kvichak,1961,Escapement,3705849
324,100,Naknek_Kvichak,Kvichak,1962,Escapement,2580884
324,100,Naknek_Kvichak,Kvichak,1963,Escapement,338760
324,100,Naknek_Kvichak,Kvichak,1964,Escapement,957120
324,100,Naknek_Kvichak,Kvichak,1965,Escapement,24325926
324,100,Naknek_Kvichak,Kvichak,1966,Escapement,3755185
324,100,Naknek_Kvichak,Kvichak,1967,Escapement,3216208
324,100,Naknek_Kvichak,Kvichak,1968,Escapement,2557440
324,100,Naknek_Kvichak,Kvichak,1969,Escapement,8394204
324,100,Naknek_Kvichak,Kvichak,1970,Escapement,13935306
324,100,Naknek_Kvichak,Kvichak,1971,Escapement,2387392
324,100,Naknek_Kvichak,Kvichak,1972,Escapement,1009962
324,100,Naknek_Kvichak,Kvichak,1973,Escapement,226554
324,100,Naknek_Kvichak,Kvichak,1974,Escapement,4433844
324,100,Naknek_Kvichak,Kvichak,1975,Escapement,13140450
324,100,Naknek_Kvichak,Kvichak,1976,Escapement,1965282
324,100,Naknek_Kvichak,Kvichak,1977,Escapement,1341144
324,100,Naknek_Kvichak,Kvichak,1978,Escapement,4149288
324,100,Naknek_Kvichak,Kvichak,1979,Escapement,11218434
324,100,Naknek_Kvichak,Kvichak,1980,Escapement,22505268
324,100,Naknek_Kvichak,Kvichak,1981,Escapement,1754358
324,100,Naknek_Kvichak,Kvichak,1982,Escapement,1134840
324,100,Naknek_Kvichak,Kvichak,1983,Escapement,3569982
324,100,Naknek_Kvichak,Kvichak,1984,Escapement,10490670
324,100,Naknek_Kvichak,Kvichak,1985,Escapement,7211046
324,100,Naknek_Kvichak,Kvichak,1986,Escapement,1179322
324,100,Naknek_Kvichak,Kvichak,1987,Escapement,6065880
324,100,Naknek_Kvichak,Kvichak,1988,Escapement,4065216
324,100,Naknek_Kvichak,Kvichak,1989,Escapement,8317500
324,100,Naknek_Kvichak,Kvichak,1990,Escapement,6970020
324,100,Naknek_Kvichak,Kvichak,1991,Escapement,4222788
324,100,Naknek_Kvichak,Kvichak,1992,Escapement,4725864
324,100,Naknek_Kvichak,Kvichak,1993,Escapement,4025166
324,100,Naknek_Kvichak,Kvichak,1994,Escapement,8355936
324,100,Naknek_Kvichak,Kvichak,1995,Escapement,10038720
324,100,Naknek_Kvichak,Kvichak,1996,Escapement,1450578
324,100,Naknek_Kvichak,Kvichak,1997,Escapement,1503732
324,100,Naknek_Kvichak,Kvichak,1998,Escapement,2296074
324,100,Naknek_Kvichak,Kvichak,1999,Escapement,6196914
324,100,Naknek_Kvichak,Kvichak,2000,Escapement,1827780
324,100,Naknek_Kvichak,Kvichak,2001,Escapement,1095348
324,100,Naknek_Kvichak,Kvichak,2002,Escapement,703884
324,100,Naknek_Kvichak,Kvichak,2003,Escapement,1686804
324,100,Naknek_Kvichak,Kvichak,2004,Escapement,5500134
324,100,Naknek_Kvichak,Kvichak,2005,Escapement,2320332
324,100,Naknek_Kvichak,Kvichak,2006,Escapement,3068226
324,100,Naknek_Kvichak,Kvichak,2007,Escapement,2810208
324,100,Naknek_Kvichak,Kvichak,2008,Escapement,2757912
324,100,Naknek_Kvichak,Kvichak,2009,Escapement,2266140
324,100,Naknek_Kvichak,Kvichak,2010,Escapement,4207410
324,100,Naknek_Kvichak,Kvichak,2011,Escapement,2264352
324,500,Naknek_Kvichak,Alagnak,1956,Escapement,784000
324,500,Naknek_Kvichak,Alagnak,1957,Escapement,126595
324,500,Naknek_Kvichak,Alagnak,1958,Escapement,94650
324,500,Naknek_Kvichak,Alagnak,1959,Escapement,825431
324,500,Naknek_Kvichak,Alagnak,1960,Escapement,1240530
324,500,Naknek_Kvichak,Alagnak,1961,Escapement,90036
324,500,Naknek_Kvichak,Alagnak,1962,Escapement,90630
324,500,Naknek_Kvichak,Alagnak,1963,Escapement,203304
324,500,Naknek_Kvichak,Alagnak,1964,Escapement,248700
324,500,Naknek_Kvichak,Alagnak,1965,Escapement,175020
324,500,Naknek_Kvichak,Alagnak,1966,Escapement,174336
324,500,Naknek_Kvichak,Alagnak,1967,Escapement,202626
324,500,Naknek_Kvichak,Alagnak,1968,Escapement,193872
324,500,Naknek_Kvichak,Alagnak,1969,Escapement,182490
324,500,Naknek_Kvichak,Alagnak,1970,Escapement,177060
324,500,Naknek_Kvichak,Alagnak,1971,Escapement,187302
324,500,Naknek_Kvichak,Alagnak,1972,Escapement,151188
324,500,Naknek_Kvichak,Alagnak,1973,Escapement,35280
324,500,Naknek_Kvichak,Alagnak,1974,Escapement,214848
324,500,Naknek_Kvichak,Alagnak,1975,Escapement,100480
324,500,Naknek_Kvichak,Alagnak,1976,Escapement,81822
324,500,Naknek_Kvichak,Alagnak,1977,Escapement,108910.5
324,500,Naknek_Kvichak,Alagnak,1978,Escapement,584970
324,500,Naknek_Kvichak,Alagnak,1979,Escapement,750210
324,500,Naknek_Kvichak,Alagnak,1980,Escapement,759645
324,500,Naknek_Kvichak,Alagnak,1981,Escapement,209635.5
324,500,Naknek_Kvichak,Alagnak,1982,Escapement,610215
324,500,Naknek_Kvichak,Alagnak,1983,Escapement,245361
324,500,Naknek_Kvichak,Alagnak,1984,Escapement,549193.5
324,500,Naknek_Kvichak,Alagnak,1985,Escapement,300976.5
324,500,Naknek_Kvichak,Alagnak,1986,Escapement,586959
324,500,Naknek_Kvichak,Alagnak,1987,Escapement,393235.5
324,500,Naknek_Kvichak,Alagnak,1988,Escapement,496306.5
324,500,Naknek_Kvichak,Alagnak,1989,Escapement,501738
324,500,Naknek_Kvichak,Alagnak,1990,Escapement,430338
324,500,Naknek_Kvichak,Alagnak,1991,Escapement,707851.95
324,500,Naknek_Kvichak,Alagnak,1992,Escapement,577939.65
324,500,Naknek_Kvichak,Alagnak,1993,Escapement,887336.25
324,500,Naknek_Kvichak,Alagnak,1994,Escapement,618464.25
324,500,Naknek_Kvichak,Alagnak,1995,Escapement,550068.15
324,500,Naknek_Kvichak,Alagnak,1996,Escapement,782212.5
324,500,Naknek_Kvichak,Alagnak,1997,Escapement,556193.25
324,500,Naknek_Kvichak,Alagnak,1998,Escapement,643110
324,500,Naknek_Kvichak,Alagnak,1999,Escapement,1182180
324,500,Naknek_Kvichak,Alagnak,2000,Escapement,1150815
324,500,Naknek_Kvichak,Alagnak,2001,Escapement,680850
324,500,Naknek_Kvichak,Alagnak,2002,Escapement,766962
324,500,Naknek_Kvichak,Alagnak,2003,Escapement,3676146
324,500,Naknek_Kvichak,Alagnak,2004,Escapement,5396592
324,500,Naknek_Kvichak,Alagnak,2005,Escapement,4218990
324,500,Naknek_Kvichak,Alagnak,2006,Escapement,1773966
324,500,Naknek_Kvichak,Alagnak,2007,Escapement,2466414
324,500,Naknek_Kvichak,Alagnak,2008,Escapement,2180502
324,500,Naknek_Kvichak,Alagnak,2009,Escapement,970818
324,500,Naknek_Kvichak,Alagnak,2010,Escapement,1187730
324,500,Naknek_Kvichak,Alagnak,2011,Escapement,883794
324,600,Naknek_Kvichak,Naknek,1956,Escapement,1772595
324,600,Naknek_Kvichak,Naknek,1957,Escapement,634645
324,600,Naknek_Kvichak,Naknek,1958,Escapement,278118
324,600,Naknek_Kvichak,Naknek,1959,Escapement,2231807
324,600,Naknek_Kvichak,Naknek,1960,Escapement,828381
324,600,Naknek_Kvichak,Naknek,1961,Escapement,351078
324,600,Naknek_Kvichak,Naknek,1962,Escapement,723066
324,600,Naknek_Kvichak,Naknek,1963,Escapement,905358
324,600,Naknek_Kvichak,Naknek,1964,Escapement,1349604
324,600,Naknek_Kvichak,Naknek,1965,Escapement,717798
324,600,Naknek_Kvichak,Naknek,1966,Escapement,1016445
324,600,Naknek_Kvichak,Naknek,1967,Escapement,755640
324,600,Naknek_Kvichak,Naknek,1968,Escapement,1023222
324,600,Naknek_Kvichak,Naknek,1969,Escapement,1331202
324,600,Naknek_Kvichak,Naknek,1970,Escapement,732502
324,600,Naknek_Kvichak,Naknek,1971,Escapement,935754
324,600,Naknek_Kvichak,Naknek,1972,Escapement,586518
324,600,Naknek_Kvichak,Naknek,1973,Escapement,356676
324,600,Naknek_Kvichak,Naknek,1974,Escapement,1241058
324,600,Naknek_Kvichak,Naknek,1975,Escapement,2026686
324,600,Naknek_Kvichak,Naknek,1976,Escapement,1320750
324,600,Naknek_Kvichak,Naknek,1977,Escapement,1085856
324,600,Naknek_Kvichak,Naknek,1978,Escapement,813378
324,600,Naknek_Kvichak,Naknek,1979,Escapement,925362
324,600,Naknek_Kvichak,Naknek,1980,Escapement,2644698
324,600,Naknek_Kvichak,Naknek,1981,Escapement,1796220
324,600,Naknek_Kvichak,Naknek,1982,Escapement,1155552
324,600,Naknek_Kvichak,Naknek,1983,Escapement,888294
324,600,Naknek_Kvichak,Naknek,1984,Escapement,1242474
324,600,Naknek_Kvichak,Naknek,1985,Escapement,1849938
324,600,Naknek_Kvichak,Naknek,1986,Escapement,1977645
324,600,Naknek_Kvichak,Naknek,1987,Escapement,1061806
324,600,Naknek_Kvichak,Naknek,1988,Escapement,1037862
324,600,Naknek_Kvichak,Naknek,1989,Escapement,1161984
324,600,Naknek_Kvichak,Naknek,1990,Escapement,2092578
324,600,Naknek_Kvichak,Naknek,1991,Escapement,3578508
324,600,Naknek_Kvichak,Naknek,1992,Escapement,1606650
324,600,Naknek_Kvichak,Naknek,1993,Escapement,1535658
324,600,Naknek_Kvichak,Naknek,1994,Escapement,990810
324,600,Naknek_Kvichak,Naknek,1995,Escapement,1111140
324,600,Naknek_Kvichak,Naknek,1996,Escapement,1078098
324,600,Naknek_Kvichak,Naknek,1997,Escapement,1025664
324,600,Naknek_Kvichak,Naknek,1998,Escapement,1202172
324,600,Naknek_Kvichak,Naknek,1999,Escapement,1625364
324,600,Naknek_Kvichak,Naknek,2000,Escapement,1375488
324,600,Naknek_Kvichak,Naknek,2001,Escapement,1830360
324,600,Naknek_Kvichak,Naknek,2002,Escapement,1263918
324,600,Naknek_Kvichak,Naknek,2003,Escapement,1831170
324,600,Naknek_Kvichak,Naknek,2004,Escapement,1939674
324,600,Naknek_Kvichak,Naknek,2005,Escapement,2744622
324,600,Naknek_Kvichak,Naknek,2006,Escapement,1953228
324,600,Naknek_Kvichak,Naknek,2007,Escapement,2945304
324,600,Naknek_Kvichak,Naknek,2008,Escapement,2472690
324,600,Naknek_Kvichak,Naknek,2009,Escapement,1169466
324,600,Naknek_Kvichak,Naknek,2010,Escapement,1463928
324,600,Naknek_Kvichak,Naknek,2011,Escapement,1177074
325,,Nushagak,Snake,1956,Escapement,4000
325,,Nushagak,Snake,1957,Escapement,3000
325,,Nushagak,Snake,1958,Escapement,9000
325,,Nushagak,Snake,1959,Escapement,139950
325,,Nushagak,Snake,1960,Escapement,16589
325,,Nushagak,Snake,1961,Escapement,4856
325,,Nushagak,Snake,1962,Escapement,1760
325,,Nushagak,Snake,1963,Escapement,37960
325,,Nushagak,Snake,1964,Escapement,12436
325,,Nushagak,Snake,1965,Escapement,12000
325,,Nushagak,Snake,1966,Escapement,4500
325,,Nushagak,Snake,1967,Escapement,11000
325,,Nushagak,Snake,1968,Escapement,4100
325,,Nushagak,Snake,1969,Escapement,9300
325,,Nushagak,Snake,1970,Escapement,23800
325,,Nushagak,Snake,1971,Escapement,8500
325,,Nushagak,Snake,1972,Escapement,2000
325,,Nushagak,Snake,1973,Escapement,915
325,,Nushagak,Snake,1974,Escapement,15266
325,,Nushagak,Snake,1975,Escapement,9518
325,,Nushagak,Snake,1976,Escapement,12728
325,,Nushagak,Snake,1977,Escapement,9304
325,,Nushagak,Snake,1978,Escapement,18074
325,,Nushagak,Snake,1979,Escapement,8439
325,,Nushagak,Snake,1980,Escapement,36500
325,,Nushagak,Snake,1981,Escapement,14571
325,,Nushagak,Snake,1982,Escapement,11640
325,,Nushagak,Snake,1983,Escapement,3080
325,,Nushagak,Snake,1984,Escapement,33840
325,,Nushagak,Snake,1985,Escapement,34880
325,,Nushagak,Snake,1986,Escapement,16780
325,,Nushagak,Snake,1987,Escapement,1520
325,,Nushagak,Snake,1988,Escapement,4320
325,,Nushagak,Snake,1989,Escapement,28060
325,,Nushagak,Snake,1990,Escapement,28840
325,,Nushagak,Snake,1991,Escapement,10920
325,,Nushagak,Snake,1993,Escapement,0
325,,Nushagak,Snake,1994,Escapement,22480
325,,Nushagak,Snake,1995,Escapement,17380
325,,Nushagak,Snake,1997,Escapement,8394
325,,Nushagak,Snake,1998,Escapement,11120
325,100,Nushagak,Igushik,1956,Escapement,400000
325,100,Nushagak,Igushik,1957,Escapement,130000
325,100,Nushagak,Igushik,1958,Escapement,107478
325,100,Nushagak,Igushik,1959,Escapement,643808
325,100,Nushagak,Igushik,1960,Escapement,495087
325,100,Nushagak,Igushik,1961,Escapement,294252
325,100,Nushagak,Igushik,1962,Escapement,15660
325,100,Nushagak,Igushik,1963,Escapement,92184
325,100,Nushagak,Igushik,1964,Escapement,128532
325,100,Nushagak,Igushik,1965,Escapement,180840
325,100,Nushagak,Igushik,1966,Escapement,206360
325,100,Nushagak,Igushik,1967,Escapement,281772
325,100,Nushagak,Igushik,1968,Escapement,194508
325,100,Nushagak,Igushik,1969,Escapement,512328
325,100,Nushagak,Igushik,1970,Escapement,370920
325,100,Nushagak,Igushik,1971,Escapement,210960
325,100,Nushagak,Igushik,1972,Escapement,60018
325,100,Nushagak,Igushik,1973,Escapement,59508
325,100,Nushagak,Igushik,1974,Escapement,358752
325,100,Nushagak,Igushik,1975,Escapement,241086
325,100,Nushagak,Igushik,1976,Escapement,186120
325,100,Nushagak,Igushik,1977,Escapement,95970
325,100,Nushagak,Igushik,1978,Escapement,536154
325,100,Nushagak,Igushik,1979,Escapement,859560
325,100,Nushagak,Igushik,1980,Escapement,1987530
325,100,Nushagak,Igushik,1981,Escapement,591144
325,100,Nushagak,Igushik,1982,Escapement,423768
325,100,Nushagak,Igushik,1983,Escapement,180438
325,100,Nushagak,Igushik,1984,Escapement,184872
325,100,Nushagak,Igushik,1985,Escapement,212454
325,100,Nushagak,Igushik,1986,Escapement,307728
325,100,Nushagak,Igushik,1987,Escapement,169236
325,100,Nushagak,Igushik,1988,Escapement,170454
325,100,Nushagak,Igushik,1989,Escapement,461610
325,100,Nushagak,Igushik,1990,Escapement,365802
325,100,Nushagak,Igushik,1991,Escapement,756126
325,100,Nushagak,Igushik,1992,Escapement,304920
325,100,Nushagak,Igushik,1993,Escapement,405564
325,100,Nushagak,Igushik,1994,Escapement,445920
325,100,Nushagak,Igushik,1995,Escapement,473382
325,100,Nushagak,Igushik,1996,Escapement,400746
325,100,Nushagak,Igushik,1997,Escapement,127704
325,100,Nushagak,Igushik,1998,Escapement,215904
325,100,Nushagak,Igushik,1999,Escapement,445536
325,100,Nushagak,Igushik,2000,Escapement,413316
325,100,Nushagak,Igushik,2001,Escapement,409596
325,100,Nushagak,Igushik,2002,Escapement,123156
325,100,Nushagak,Igushik,2003,Escapement,194088
325,100,Nushagak,Igushik,2004,Escapement,109650
325,100,Nushagak,Igushik,2005,Escapement,365712
325,100,Nushagak,Igushik,2006,Escapement,305268
325,100,Nushagak,Igushik,2007,Escapement,415452
325,100,Nushagak,Igushik,2008,Escapement,1054704
325,100,Nushagak,Igushik,2009,Escapement,514188
325,100,Nushagak,Igushik,2010,Escapement,518040
325,100,Nushagak,Igushik,2011,Escapement,421380
325,300,Nushagak,Wood,1956,Escapement,773101
325,300,Nushagak,Wood,1957,Escapement,288727
325,300,Nushagak,Wood,1958,Escapement,960455
325,300,Nushagak,Wood,1959,Escapement,2209266
325,300,Nushagak,Wood,1960,Escapement,1016073
325,300,Nushagak,Wood,1961,Escapement,460737
325,300,Nushagak,Wood,1962,Escapement,873888
325,300,Nushagak,Wood,1963,Escapement,721404
325,300,Nushagak,Wood,1964,Escapement,1076112
325,300,Nushagak,Wood,1965,Escapement,675156
325,300,Nushagak,Wood,1966,Escapement,1208682
325,300,Nushagak,Wood,1967,Escapement,515772
325,300,Nushagak,Wood,1968,Escapement,649344
325,300,Nushagak,Wood,1969,Escapement,604338
325,300,Nushagak,Wood,1970,Escapement,1161964
325,300,Nushagak,Wood,1971,Escapement,851202
325,300,Nushagak,Wood,1972,Escapement,430602
325,300,Nushagak,Wood,1973,Escapement,330474
325,300,Nushagak,Wood,1974,Escapement,1708836
325,300,Nushagak,Wood,1975,Escapement,1270116
325,300,Nushagak,Wood,1976,Escapement,817008
325,300,Nushagak,Wood,1977,Escapement,561828
325,300,Nushagak,Wood,1978,Escapement,2267238
325,300,Nushagak,Wood,1979,Escapement,1706352
325,300,Nushagak,Wood,1980,Escapement,2969040
325,300,Nushagak,Wood,1981,Escapement,1233318
325,300,Nushagak,Wood,1982,Escapement,976470
325,300,Nushagak,Wood,1983,Escapement,1360968
325,300,Nushagak,Wood,1984,Escapement,1002792
325,300,Nushagak,Wood,1985,Escapement,939000
325,300,Nushagak,Wood,1986,Escapement,818652
325,300,Nushagak,Wood,1987,Escapement,1337172
325,300,Nushagak,Wood,1988,Escapement,866778
325,300,Nushagak,Wood,1989,Escapement,1186410
325,300,Nushagak,Wood,1990,Escapement,1069440
325,300,Nushagak,Wood,1991,Escapement,1159920
325,300,Nushagak,Wood,1992,Escapement,1286250
325,300,Nushagak,Wood,1993,Escapement,1176126
325,300,Nushagak,Wood,1994,Escapement,1471890
325,300,Nushagak,Wood,1995,Escapement,1482162
325,300,Nushagak,Wood,1996,Escapement,1649598
325,300,Nushagak,Wood,1997,Escapement,1512396
325,300,Nushagak,Wood,1998,Escapement,1755768
325,300,Nushagak,Wood,1999,Escapement,1512426
325,300,Nushagak,Wood,2000,Escapement,1300026
325,300,Nushagak,Wood,2001,Escapement,1458732
325,300,Nushagak,Wood,2002,Escapement,1283682
325,300,Nushagak,Wood,2003,Escapement,1459782
325,300,Nushagak,Wood,2004,Escapement,1543392
325,300,Nushagak,Wood,2005,Escapement,1496550
325,300,Nushagak,Wood,2006,Escapement,4008102
325,300,Nushagak,Wood,2007,Escapement,1528086
325,300,Nushagak,Wood,2008,Escapement,1724676
325,300,Nushagak,Wood,2009,Escapement,1319232
325,300,Nushagak,Wood,2010,Escapement,1804344
325,300,Nushagak,Wood,2011,Escapement,1098006
325,700,Nushagak,Nush-mul,1956,Escapement,5000
325,700,Nushagak,Nush-mul,1957,Escapement,10000
325,700,Nushagak,Nush-mul,1958,Escapement,5000
325,700,Nushagak,Nush-mul,1959,Escapement,61076.25
325,700,Nushagak,Nush-mul,1960,Escapement,181875
325,700,Nushagak,Nush-mul,1961,Escapement,99788
325,700,Nushagak,Nush-mul,1962,Escapement,46357.308
325,700,Nushagak,Nush-mul,1963,Escapement,234820.8018
325,700,Nushagak,Nush-mul,1964,Escapement,134852.6266
325,700,Nushagak,Nush-mul,1965,Escapement,255793.5021
325,700,Nushagak,Nush-mul,1966,Escapement,233577.6147
325,700,Nushagak,Nush-mul,1967,Escapement,74002.81765
325,700,Nushagak,Nush-mul,1968,Escapement,142360.4153
325,700,Nushagak,Nush-mul,1969,Escapement,95805.0467
325,700,Nushagak,Nush-mul,1970,Escapement,452891.7581
325,700,Nushagak,Nush-mul,1971,Escapement,312699.1781
325,700,Nushagak,Nush-mul,1972,Escapement,39850.56376
325,700,Nushagak,Nush-mul,1973,Escapement,210600.7728
325,700,Nushagak,Nush-mul,1974,Escapement,204190.1742
325,700,Nushagak,Nush-mul,1975,Escapement,832092.6013
325,700,Nushagak,Nush-mul,1976,Escapement,520302.5868
325,700,Nushagak,Nush-mul,1977,Escapement,611588.3606
325,700,Nushagak,Nush-mul,1978,Escapement,734040.0845
325,700,Nushagak,Nush-mul,1979,Escapement,551271.6622
325,700,Nushagak,Nush-mul,1980,Escapement,3669136.414
325,700,Nushagak,Nush-mul,1981,Escapement,1118872.875
325,700,Nushagak,Nush-mul,1982,Escapement,664579.7666
325,700,Nushagak,Nush-mul,1983,Escapement,446845.0461
325,700,Nushagak,Nush-mul,1984,Escapement,655739.2017
325,700,Nushagak,Nush-mul,1985,Escapement,551319.2218
325,700,Nushagak,Nush-mul,1986,Escapement,1095241.259
325,700,Nushagak,Nush-mul,1987,Escapement,429181.6128
325,700,Nushagak,Nush-mul,1988,Escapement,534459.8784
325,700,Nushagak,Nush-mul,1989,Escapement,567863.3443
325,700,Nushagak,Nush-mul,1990,Escapement,752513.138
325,700,Nushagak,Nush-mul,1991,Escapement,544748.2476
325,700,Nushagak,Nush-mul,1992,Escapement,768816.1441
325,700,Nushagak,Nush-mul,1993,Escapement,790926.9579
325,700,Nushagak,Nush-mul,1994,Escapement,563334.117
325,700,Nushagak,Nush-mul,1995,Escapement,311136.3458
325,700,Nushagak,Nush-mul,1996,Escapement,557057.3491
325,700,Nushagak,Nush-mul,1997,Escapement,412591.0367
325,700,Nushagak,Nush-mul,1998,Escapement,507532.2674
325,700,Nushagak,Nush-mul,1999,Escapement,344972.2727
325,700,Nushagak,Nush-mul,2000,Escapement,446286.4967
325,700,Nushagak,Nush-mul,2001,Escapement,897112.175
325,700,Nushagak,Nush-mul,2002,Escapement,349155.3099
325,700,Nushagak,Nush-mul,2003,Escapement,642092.8998
325,700,Nushagak,Nush-mul,2004,Escapement,543872.2652
325,700,Nushagak,Nush-mul,2005,Escapement,1106703
325,700,Nushagak,Nush-mul,2006,Escapement,548410
325,700,Nushagak,Nush-mul,2007,Escapement,518041
325,700,Nushagak,Nush-mul,2008,Escapement,492546
325,700,Nushagak,Nush-mul,2009,Escapement,484149
325,700,Nushagak,Nush-mul,2010,Escapement,468696
325,700,Nushagak,Nush-mul,2011,Escapement,428191
325,800,Nushagak,Nuyakuk,1956,Escapement,30000
325,800,Nushagak,Nuyakuk,1957,Escapement,67000
325,800,Nushagak,Nuyakuk,1958,Escapement,196000
325,800,Nushagak,Nuyakuk,1959,Escapement,48861
325,800,Nushagak,Nuyakuk,1960,Escapement,145500
325,800,Nushagak,Nuyakuk,1961,Escapement,79788
325,800,Nushagak,Nuyakuk,1962,Escapement,37890
325,800,Nushagak,Nuyakuk,1963,Escapement,166608
325,800,Nushagak,Nuyakuk,1964,Escapement,103224
325,800,Nushagak,Nuyakuk,1965,Escapement,203070
325,800,Nushagak,Nuyakuk,1966,Escapement,161010
325,800,Nushagak,Nuyakuk,1967,Escapement,20250
325,800,Nushagak,Nuyakuk,1968,Escapement,96642
325,800,Nushagak,Nuyakuk,1969,Escapement,69828
325,800,Nushagak,Nuyakuk,1970,Escapement,364648
325,800,Nushagak,Nuyakuk,1971,Escapement,224382
325,800,Nushagak,Nuyakuk,1972,Escapement,28596
325,800,Nushagak,Nuyakuk,1973,Escapement,110016
325,800,Nushagak,Nuyakuk,1974,Escapement,154614
325,800,Nushagak,Nuyakuk,1975,Escapement,669918
325,800,Nushagak,Nuyakuk,1976,Escapement,425220
325,800,Nushagak,Nuyakuk,1977,Escapement,232554
325,800,Nushagak,Nuyakuk,1978,Escapement,576666
325,800,Nushagak,Nuyakuk,1979,Escapement,360120
325,800,Nushagak,Nuyakuk,1980,Escapement,3026568
325,800,Nushagak,Nuyakuk,1981,Escapement,834204
325,800,Nushagak,Nuyakuk,1982,Escapement,537864
325,800,Nushagak,Nuyakuk,1983,Escapement,318606
325,800,Nushagak,Nuyakuk,1984,Escapement,472596
325,800,Nushagak,Nuyakuk,1985,Escapement,429162
325,800,Nushagak,Nuyakuk,1986,Escapement,821898
325,800,Nushagak,Nuyakuk,1987,Escapement,163000
325,800,Nushagak,Nuyakuk,1988,Escapement,319992
325,800,Nushagak,Nuyakuk,1989,Escapement,0
325,800,Nushagak,Nuyakuk,1995,Escapement,69702
325,800,Nushagak,Nuyakuk,1996,Escapement,250692
325,800,Nushagak,Nuyakuk,1997,Escapement,272982
325,800,Nushagak,Nuyakuk,1998,Escapement,146250
325,800,Nushagak,Nuyakuk,1999,Escapement,81006
325,800,Nushagak,Nuyakuk,2000,Escapement,129468
325,800,Nushagak,Nuyakuk,2001,Escapement,184044
325,800,Nushagak,Nuyakuk,2002,Escapement,68928
325,800,Nushagak,Nuyakuk,2003,Escapement,116646
325,800,Nushagak,Nuyakuk,2004,Escapement,77406
325,800,Nushagak,Nuyakuk,2005,Escapement,251016
325,800,Nushagak,Nuyakuk,2006,Escapement,170760
321,100,Ugashik,Ugashik,2012,Escapement,670578
322,100,Egegik,Egegik,2012,Escapement,1233900
324,100,Naknek_Kvichak,Kvichak,2012,Escapement,4164444
324,600,Naknek_Kvichak,Naknek,2012,Escapement,900312
324,500,Naknek_Kvichak,Alagnak,2012,Escapement,861747
325,100,Nushagak,Igushik,2012,Escapement,193326
325,300,Nushagak,Wood,2012,Escapement,764211
325,700,Nushagak,Nush-mul,2012,Escapement,432438
321,100,Ugashik,Ugashik,2013,Escapement,898110
322,100,Egegik,Egegik,2013,Escapement,1113630
324,100,Naknek_Kvichak,Kvichak,2013,Escapement,2088576
324,600,Naknek_Kvichak,Naknek,2013,Escapement,938160
324,500,Naknek_Kvichak,Alagnak,2013,Escapement,1095950
325,100,Nushagak,Igushik,2013,Escapement,387036
325,300,Nushagak,Wood,2013,Escapement,1183348
325,700,Nushagak,Nush-mul,2013,Escapement,894148
321,100,Ugashik,Ugashik,2014,Escapement,640158
322,100,Egegik,Egegik,2014,Escapement,1382466
324,100,Naknek_Kvichak,Kvichak,2014,Escapement,4458540
324,600,Naknek_Kvichak,Naknek,2014,Escapement,1474428
324,500,Naknek_Kvichak,Alagnak,2014,Escapement,200500
325,100,Nushagak,Igushik,2014,Escapement,340590
325,300,Nushagak,Wood,2014,Escapement,2764614
325,700,Nushagak,Nush-mul,2014,Escapement,618477
321,100,Ugashik,Ugashik,2015,Escapement,1564638
322,100,Egegik,Egegik,2015,Escapement,2160792
324,100,Naknek_Kvichak,Kvichak,2015,Escapement,7348572
324,500,Naknek_Kvichak,Alagnak,2015,Escapement,5770650
324,600,Naknek_Kvichak,Naknek,2015,Escapement,1920954
325,100,Nushagak,Igushik,2015,Escapement,651172
325,300,Nushagak,Wood,2015,Escapement,1941474
325,700,Nushagak,Nush-mul,2015,Escapement,796684
321,100,Ugashik,Ugashik,2016,Escapement,1635270
322,100,Egegik,Egegik,2016,Escapement,1837260
324,100,Naknek_Kvichak,Kvichak,2016,Escapement,4462728
324,500,Naknek_Kvichak,Alagnak,2016,Escapement,1775820
324,600,Naknek_Kvichak,Naknek,2016,Escapement,1691910
325,100,Nushagak,Igushik,2016,Escapement,469230
325,300,Nushagak,Wood,2016,Escapement,1309707
325,700,Nushagak,Nush-mul,2016,Escapement,680512
321,100,Ugashik,Ugashik,2017,Escapement,1186446
322,100,Egegik,Egegik,2017,Escapement,2600982
324,100,Naknek_Kvichak,Kvichak,2017,Escapement,3163404
324,500,Naknek_Kvichak,Alagnak,2017,Escapement,2041824
324,600,Naknek_Kvichak,Naknek,2017,Escapement,1899972
325,100,Nushagak,Igushik,2017,Escapement,578700
325,300,Nushagak,Wood,2017,Escapement,4274224
325,700,Nushagak,Nush-mul,2017,Escapement,2852308
321,100,Ugashik,Ugashik,2018,Escapement,1167792
322,100,Egegik,Egegik,2018,Escapement,1608357
324,100,Naknek_Kvichak,Kvichak,2018,Escapement,4398708
324,500,Naknek_Kvichak,Alagnak,2018,Escapement,1581426
324,600,Naknek_Kvichak,Naknek,2018,Escapement,2221152
325,100,Nushagak,Igushik,2018,Escapement,770772
325,300,Nushagak,Wood,2018,Escapement,7507254
325,700,Nushagak,Nush-mul,2018,Escapement,1247460
321,100,Ugashik,Ugashik,2019,Escapement,1547748
322,100,Egegik,Egegik,2019,Escapement,2340210
324,100,Naknek_Kvichak,Kvichak,2019,Escapement,2371242
324,500,Naknek_Kvichak,Alagnak,2019,Escapement,820458
324,600,Naknek_Kvichak,Naknek,2019,Escapement,2911470
325,100,Nushagak,Igushik,2019,Escapement,256074
325,300,Nushagak,Wood,2019,Escapement,2073276
325,700,Nushagak,Nush-mul,2019,Escapement,709431
321,100,Ugashik,Ugashik,2020,Escapement,1745940
322,100,Egegik,Egegik,2020,Escapement,2389728
324,100,Naknek_Kvichak,Kvichak,2020,Escapement,4030968
324,500,Naknek_Kvichak,Alagnak,2020,Escapement,2386518
324,600,Naknek_Kvichak,Naknek,2020,Escapement,4112160
325,100,Nushagak,Igushik,2020,Escapement,323814
325,300,Nushagak,Wood,2020,Escapement,2243886
325,700,Nushagak,Nush-mul,2020,Escapement,1228059
321,100,Ugashik,Ugashik,2021,Escapement,2859930
322,100,Egegik,Egegik,2021,Escapement,1832196
324,100,Naknek_Kvichak,Kvichak,2021,Escapement,4703520
324,500,Naknek_Kvichak,Alagnak,2021,Escapement,3236904
324,600,Naknek_Kvichak,Naknek,2021,Escapement,2796534
325,100,Nushagak,Igushik,2021,Escapement,878952
325,300,Nushagak,Wood,2021,Escapement,4410156
325,700,Nushagak,Nush-mul,2021,Escapement,4697299
